year,group,count,share
2023,전과,1213790,0.7778506204335826
2023,전과없음,346651,0.22214937956641745
