bucket,count,share
고졸이하,344864,0.44113625229129544
기타/미상,301708,0.38593282107237104
대학이상,135191,0.17293092663633353
